#seqId,guideId,targetSeq,mitSpecScore,cfdSpecScore,offtargetCount,targetGenomeGeneLocus,Doench '16-Score,Moreno-Mateos-Score,Out-of-Frame-Score,Lindel-Score,GrafEtAlStatus
AT3G18750,378rev,GGAGATAGAAGCTAAGTATCAGG,100,100,0,exon:NM_112760.4/NM_001202999.2/NM_001338355.1/NM_001338356.1/NM_001338354.1/NM_001035646.2/NM_112761.3,43,48,50,71,GrafOK
AT3G18750,402rev,AGAAAGGTTAAGACAAGAGCTGG,100,100,0,exon:NM_112760.4/NM_001202999.2/NM_001338355.1/NM_001338356.1/NM_001338354.1/NM_001035646.2/NM_112761.3,45,16,56,82,GrafOK
AT3G18750,429rev,AACCGAACCAGTAAGTTTGGAGG,100,100,0,exon:NM_112760.4/NM_001202999.2/NM_001338355.1/NM_001338356.1/NM_001338354.1/NM_001035646.2/NM_112761.3,62,35,52,83,GrafOK
AT3G18750,432rev,AGCAACCGAACCAGTAAGTTTGG,100,100,1,exon:NM_112760.4/NM_001202999.2/NM_001338355.1/NM_001338356.1/NM_001338354.1/NM_001035646.2/NM_112761.3,35,27,53,83,GrafOK
AT3G18750,488rev,CAATGCGTCGATGCCACCAAAGG,100,100,0,exon:NM_112760.4/NM_001202999.2/NM_001338355.1/NM_001338356.1/NM_001338354.1/NM_001035646.2/NM_112761.3,61,61,53,67,GrafOK
AT3G18750,519rev,AGATTGCCCACGATCAGATGAGG,100,100,0,exon:NM_112760.4/NM_001202999.2/NM_001338355.1/NM_001338356.1/NM_001338354.1/NM_001035646.2/NM_112761.3,63,50,67,82,GrafOK
AT3G18750,561rev,TTTTCATGATACTTGTGAGTTGG,100,100,1,exon:NM_112760.4/NM_001202999.2/NM_001338355.1/NM_001338356.1/NM_001338354.1/NM_001035646.2/NM_112761.3,52,27,71,79,GrafOK
AT3G18750,653forw,AGTTCTGATTCAGTTGCGAATGG,100,100,0,exon:NM_112760.4/NM_001202999.2/NM_001338355.1/NM_001338356.1/NM_001338354.1/NM_001035646.2/NM_112761.3,50,43,75,81,GrafOK
AT3G18750,678forw,GAGATGATCGACTGTGACATCGG,100,100,0,exon:NM_112760.4/NM_001202999.2/NM_001338355.1/NM_001338356.1/NM_001338354.1/NM_001035646.2/NM_112761.3,65,66,62,66,GrafOK
